<?xml version="1.0" encoding="UTF-8" standalone="no"?>
<synergyConfiguration version="4">
  <generalSettings>
    <option key="#Board#" value="board.s7g2_sk"/>
    <option key="CPU" value="S7G2"/>
    <option key="#TargetName#" value="R7FS7G27H3A01CFC"/>
    <option key="#TargetARCHITECTURE#" value="cortex-m4"/>
    <option key="#RTOS#" value="Express Logic ThreadX"/>
    <option key="#pinconfiguration#" value="S7G2-SK.pincfg"/>
    <option key="#SSPVersion#" value="1.6.3"/>
    <option key="#DefaultLinkerScript#" value="s7g2.ld"/>
    <option key="#ConfigurationFragments#" value="Renesas##BSP##Board##s7g2_sk##"/>
    <option key="#SELECTED_TOOLCHAIN#" value="gcc-arm-embedded"/>
  </generalSettings>
  <synergyBspConfiguration>
    <config id="config.bsp.s7g2.R7FS7G27H3A01CFC">
      <property id="config.bsp.part_number" value="config.bsp.part_number.value"/>
      <property id="config.bsp.rom_size_bytes" value="config.bsp.rom_size_bytes.value"/>
      <property id="config.bsp.ram_size_bytes" value="config.bsp.ram_size_bytes.value"/>
      <property id="config.bsp.data_flash_size_bytes" value="config.bsp.data_flash_size_bytes.value"/>
      <property id="config.bsp.package_style" value="config.bsp.package_style.value"/>
      <property id="config.bsp.package_pins" value="config.bsp.package_pins.value"/>
    </config>
    <config id="config.bsp.s7g2">
      <property id="config.bsp.series" value="config.bsp.series.value"/>
    </config>
    <config id="config.bsp.s7g2.ssp">
      <property id="config.bsp.s7g2.ssp.OFS0" value="config.bsp.s7g2.ssp.OFS0_Register.default"/>
      <property id="config.bsp.s7g2.ssp.OFS0.iwdt_start_mode" value="config.bsp.s7g2.ssp.OFS0.iwdt_start_mode.disabled"/>
      <property id="config.bsp.s7g2.ssp.OFS0.iwdt_timeout" value="config.bsp.s7g2.ssp.OFS0.iwdt_timeout.2048"/>
      <property id="config.bsp.s7g2.ssp.OFS0.iwdt_divisor" value="config.bsp.s7g2.ssp.OFS0.iwdt_divisor.128"/>
      <property id="config.bsp.s7g2.ssp.OFS0.iwdt_window_end" value="config.bsp.s7g2.ssp.OFS0.iwdt_window_end.0"/>
      <property id="config.bsp.s7g2.ssp.OFS0.iwdt_window_start" value="config.bsp.s7g2.ssp.OFS0.iwdt_window_start.100"/>
      <property id="config.bsp.s7g2.ssp.OFS0.iwdt_reset_interrupt" value="config.bsp.s7g2.ssp.OFS0.iwdt_reset_interrupt.Reset"/>
      <property id="config.bsp.s7g2.ssp.OFS0.iwdt_stop_control" value="config.bsp.s7g2.ssp.OFS0.iwdt_stop_control.stops"/>
      <property id="config.bsp.s7g2.ssp.OFS0.wdt_start_mode" value="config.bsp.s7g2.ssp.OFS0.wdt_start_mode.register"/>
      <property id="config.bsp.s7g2.ssp.OFS0.wdt_timeout" value="config.bsp.s7g2.ssp.OFS0.wdt_timeout.16384"/>
      <property id="config.bsp.s7g2.ssp.OFS0.wdt_divisor" value="config.bsp.s7g2.ssp.OFS0.wdt_divisor.128"/>
      <property id="config.bsp.s7g2.ssp.OFS0.wdt_window_end" value="config.bsp.s7g2.ssp.OFS0.wdt_window_end.0"/>
      <property id="config.bsp.s7g2.ssp.OFS0.wdt_window_start" value="config.bsp.s7g2.ssp.OFS0.wdt_window_start.100"/>
      <property id="config.bsp.s7g2.ssp.OFS0.wdt_reset_interrupt" value="config.bsp.s7g2.ssp.OFS0.wdt_reset_interrupt.Reset"/>
      <property id="config.bsp.s7g2.ssp.OFS0.wdt_stop_control" value="config.bsp.s7g2.ssp.OFS0.wdt_stop_control.stops"/>
      <property id="config.bsp.s7g2.ssp.OFS1" value="config.bsp.s7g2.ssp.OFS1_Register.default"/>
      <property id="config.bsp.s7g2.ssp.OFS1.voltage_detection0.start" value="config.bsp.s7g2.ssp.OFS1.voltage_detection0.start.disabled"/>
      <property id="config.bsp.s7g2.ssp.OFS1.voltage_detection0_level" value="config.bsp.s7g2.ssp.OFS1.voltage_detection0_level.280"/>
      <property id="config.bsp.s7g2.ssp.OFS1.hoco_osc" value="config.bsp.s7g2.ssp.OFS1.hoco_osc.disabled"/>
    </config>
    <config id="config.bsp.synergy">
      <property id="config.bsp.common.main" value="0x800"/>
      <property id="config.bsp.common.process" value="0"/>
      <property id="config.bsp.common.heap" value="0x1000"/>
      <property id="config.bsp.common.vcc" value="3300"/>
      <property id="config.bsp.common.avcc0" value="3300"/>
      <property id="config.bsp.common.checking" value="config.bsp.common.checking.enabled"/>
      <property id="config.bsp.common.assert" value="config.bsp.common.assert.none"/>
      <property id="config.bsp.common.error_log" value="config.bsp.common.error_log.none"/>
      <property id="config.bsp.common.id_mode" value="config.bsp.common.id_mode.unlocked"/>
      <property id="config.bsp.common.id_code" value="FFFFFFFFFFFFFFFFFFFFFFFFFFFFFFFF"/>
      <property id="config.bsp.common.id1" value=""/>
      <property id="config.bsp.common.id2" value=""/>
      <property id="config.bsp.common.id3" value=""/>
      <property id="config.bsp.common.id4" value=""/>
      <property id="config.bsp.common.id_fixed" value=""/>
    </config>
  </synergyBspConfiguration>
  <synergyClockConfiguration>
    <node id="board.clock.xtal.freq" mul="24000000" option="_edit"/>
    <node id="board.clock.usbmclk.freq" option="board.clock.usbmclk.freq"/>
    <node id="board.clock.pll.source" option="board.clock.pll.source.xtal"/>
    <node id="board.clock.hoco.freq" option="board.clock.hoco.freq.20m"/>
    <node id="board.clock.loco.freq" option="board.clock.loco.freq.32768"/>
    <node id="board.clock.moco.freq" option="board.clock.moco.freq.8m"/>
    <node id="board.clock.subclk.freq" option="board.clock.subclk.freq.32768"/>
    <node id="board.clock.pll.div" option="board.clock.pll.div.2"/>
    <node id="board.clock.pll.mul" option="board.clock.pll.mul.200"/>
    <node id="board.clock.pll.display" option="board.clock.pll.display.value"/>
    <node id="board.clock.clock.source" option="board.clock.clock.source.pll"/>
    <node id="board.clock.iclk.div" option="board.clock.iclk.div.1"/>
    <node id="board.clock.iclk.display" option="board.clock.iclk.display.value"/>
    <node id="board.clock.pclka.div" option="board.clock.pclka.div.2"/>
    <node id="board.clock.pclka.display" option="board.clock.pclka.display.value"/>
    <node id="board.clock.pclkb.div" option="board.clock.pclkb.div.4"/>
    <node id="board.clock.pclkb.display" option="board.clock.pclkb.display.value"/>
    <node id="board.clock.pclkc.div" option="board.clock.pclkc.div.4"/>
    <node id="board.clock.pclkc.display" option="board.clock.pclkc.display.value"/>
    <node id="board.clock.pclkd.div" option="board.clock.pclkd.div.2"/>
    <node id="board.clock.pclkd.display" option="board.clock.pclkd.display.value"/>
    <node id="board.clock.sdclkout.div" option="board.clock.sdclkout.div.1"/>
    <node id="board.clock.sdclkout.display" option="board.clock.sdclkout.display.value"/>
    <node id="board.clock.bclk.div" option="board.clock.bclk.div.2"/>
    <node id="board.clock.bclk.display" option="board.clock.bclk.display.value"/>
    <node id="board.clock.bclkout.div" option="board.clock.bclkout.div.2"/>
    <node id="board.clock.bclkout.display" option="board.clock.bclkout.display.value"/>
    <node id="board.clock.uclk.div" option="board.clock.uclk.div.5"/>
    <node id="board.clock.uclk.display" option="board.clock.uclk.display.value"/>
    <node id="board.clock.fclk.div" option="board.clock.fclk.div.4"/>
    <node id="board.clock.fclk.display" option="board.clock.fclk.display.value"/>
  </synergyClockConfiguration>
  <synergyComponentSelection>
    <component apiversion="" class="BSP" condition="" group="Board" subgroup="s7g2_sk" variant="" vendor="Renesas" version="1.6.3">
      <description>S7G2_SK Board Support Files</description>
      <originalPack>Renesas.Synergy_board_s7g2_sk.1.6.3.pack</originalPack>
    </component>
    <component apiversion="" class="Common" condition="" group="all" subgroup="ssp_common" variant="" vendor="Renesas" version="1.6.3">
      <description>SSP Common Code</description>
      <originalPack>Renesas.Synergy.1.6.3.pack</originalPack>
    </component>
    <component apiversion="" class="HAL Drivers" condition="" group="all" subgroup="r_cgc" variant="" vendor="Renesas" version="1.6.3">
      <description>Clock Generation Circuit: Provides=[CGC]</description>
      <originalPack>Renesas.Synergy.1.6.3.pack</originalPack>
    </component>
    <component apiversion="" class="HAL Drivers" condition="" group="all" subgroup="r_elc" variant="" vendor="Renesas" version="1.6.3">
      <description>Event Link Controller: Provides=[ELC]</description>
      <originalPack>Renesas.Synergy.1.6.3.pack</originalPack>
    </component>
    <component apiversion="" class="HAL Drivers" condition="" group="all" subgroup="r_fmi" variant="" vendor="Renesas" version="1.6.3">
      <description>Factory MCU Information Module: Provides=[FMI]</description>
      <originalPack>Renesas.Synergy.1.6.3.pack</originalPack>
    </component>
    <component apiversion="" class="HAL Drivers" condition="" group="all" subgroup="r_ioport" variant="" vendor="Renesas" version="1.6.3">
      <description>I/O Port: Provides=[IO Port]</description>
      <originalPack>Renesas.Synergy.1.6.3.pack</originalPack>
    </component>
    <component apiversion="" class="BSP" condition="" group="s7g2" subgroup="device" variant="R7FS7G27H3A01CFC" vendor="Renesas" version="1.6.3">
      <description>Board support package for R7FS7G27H3A01CFC</description>
      <originalPack>Renesas.Synergy_mcu_s7g2.1.6.3.pack</originalPack>
    </component>
    <component apiversion="" class="BSP" condition="" group="s7g2" subgroup="device" variant="" vendor="Renesas" version="1.6.3">
      <description>Board support package for S7G2</description>
      <originalPack>Renesas.Synergy_mcu_s7g2.1.6.3.pack</originalPack>
    </component>
    <component apiversion="" class="BSP" condition="" group="s7g2" subgroup="ssp" variant="" vendor="Renesas" version="1.6.3">
      <description>Board support package for S7G2</description>
      <originalPack>Renesas.Synergy_mcu_s7g2.1.6.3.pack</originalPack>
    </component>
    <component apiversion="" class="HAL Drivers" condition="" group="all" subgroup="r_can" variant="" vendor="Renesas" version="1.6.3">
      <description>Controller Area Network: Provides=[CAN]</description>
      <originalPack>Renesas.Synergy.1.6.3.pack</originalPack>
    </component>
  </synergyComponentSelection>
  <synergyIcuConfiguration/>
  <synergyMessagingConfiguration/>
  <synergyModuleConfiguration>
    <module id="module.driver.cgc_on_cgc.0">
      <property id="module.driver.cgc.name" value="g_cgc"/>
    </module>
    <module id="module.driver.elc_on_elc.0">
      <property id="module.driver.elc.name" value="g_elc"/>
    </module>
    <module id="module.driver.ioport_on_ioport.0">
      <property id="module.driver.ioport.name" value="g_ioport"/>
    </module>
    <module id="module.driver.fmi_on_fmi.0">
      <property id="module.driver.fmi.name" value="g_fmi"/>
    </module>
    <module id="module.driver.can_on_can.1901985967">
      <property id="module.driver.can.name" value="g_can0"/>
      <property id="module.driver.can.channel" value="0"/>
      <property id="module.driver.can.baud_rate_prescaler" value="5"/>
      <property id="module.driver.can.time_segment_1" value="module.driver.can.time_segment_1.tq15"/>
      <property id="module.driver.can.time_segment_2" value="module.driver.can.time_segment_2.tq8"/>
      <property id="module.driver.can.sync_jump_width" value="module.driver.can.sync_jump_width.tq2"/>
      <property id="module.driver.can.clock_source" value="module.driver.can.clock_source.canmclk"/>
      <property id="module.driver.can.p_callback" value="canCallback"/>
      <property id="module.driver.can.message_mode" value="module.driver.can.message_mode.overwrite"/>
      <property id="module.driver.can.id_mode" value="module.driver.can.id_mode.standard"/>
      <property id="module.driver.can.mailbox_count" value="module.driver.can.mailbox_count.16"/>
      <property id="module.driver.can.mailbox0_id" value="0"/>
      <property id="module.driver.can.mailbox1_id" value="1"/>
      <property id="module.driver.can.mailbox2_id" value="2"/>
      <property id="module.driver.can.mailbox3_id" value="3"/>
      <property id="module.driver.can.mailbox4_id" value="4"/>
      <property id="module.driver.can.mailbox5_id" value="5"/>
      <property id="module.driver.can.mailbox6_id" value="6"/>
      <property id="module.driver.can.mailbox7_id" value="7"/>
      <property id="module.driver.can.mailbox8_id" value="8"/>
      <property id="module.driver.can.mailbox9_id" value="9"/>
      <property id="module.driver.can.mailbox10_id" value="10"/>
      <property id="module.driver.can.mailbox11_id" value="11"/>
      <property id="module.driver.can.mailbox12_id" value="12"/>
      <property id="module.driver.can.mailbox13_id" value="13"/>
      <property id="module.driver.can.mailbox14_id" value="14"/>
      <property id="module.driver.can.mailbox15_id" value="15"/>
      <property id="module.driver.can.mailbox16_id" value="16"/>
      <property id="module.driver.can.mailbox17_id" value="17"/>
      <property id="module.driver.can.mailbox18_id" value="18"/>
      <property id="module.driver.can.mailbox19_id" value="19"/>
      <property id="module.driver.can.mailbox20_id" value="20"/>
      <property id="module.driver.can.mailbox21_id" value="21"/>
      <property id="module.driver.can.mailbox22_id" value="22"/>
      <property id="module.driver.can.mailbox23_id" value="23"/>
      <property id="module.driver.can.mailbox24_id" value="24"/>
      <property id="module.driver.can.mailbox25_id" value="25"/>
      <property id="module.driver.can.mailbox26_id" value="26"/>
      <property id="module.driver.can.mailbox27_id" value="27"/>
      <property id="module.driver.can.mailbox28_id" value="28"/>
      <property id="module.driver.can.mailbox29_id" value="29"/>
      <property id="module.driver.can.mailbox30_id" value="30"/>
      <property id="module.driver.can.mailbox31_id" value="31"/>
      <property id="module.driver.can.mailbox0_type" value="module.driver.can.mailbox0_type.transmit"/>
      <property id="module.driver.can.mailbox1_type" value="module.driver.can.mailbox1_type.receive"/>
      <property id="module.driver.can.mailbox2_type" value="module.driver.can.mailbox2_type.receive"/>
      <property id="module.driver.can.mailbox3_type" value="module.driver.can.mailbox3_type.receive"/>
      <property id="module.driver.can.mailbox4_type" value="module.driver.can.mailbox4_type.receive"/>
      <property id="module.driver.can.mailbox5_type" value="module.driver.can.mailbox5_type.receive"/>
      <property id="module.driver.can.mailbox6_type" value="module.driver.can.mailbox6_type.receive"/>
      <property id="module.driver.can.mailbox7_type" value="module.driver.can.mailbox7_type.receive"/>
      <property id="module.driver.can.mailbox8_type" value="module.driver.can.mailbox8_type.receive"/>
      <property id="module.driver.can.mailbox9_type" value="module.driver.can.mailbox9_type.receive"/>
      <property id="module.driver.can.mailbox10_type" value="module.driver.can.mailbox10_type.receive"/>
      <property id="module.driver.can.mailbox11_type" value="module.driver.can.mailbox11_type.receive"/>
      <property id="module.driver.can.mailbox12_type" value="module.driver.can.mailbox12_type.receive"/>
      <property id="module.driver.can.mailbox13_type" value="module.driver.can.mailbox13_type.receive"/>
      <property id="module.driver.can.mailbox14_type" value="module.driver.can.mailbox14_type.receive"/>
      <property id="module.driver.can.mailbox15_type" value="module.driver.can.mailbox15_type.receive"/>
      <property id="module.driver.can.mailbox16_type" value="module.driver.can.mailbox16_type.receive"/>
      <property id="module.driver.can.mailbox17_type" value="module.driver.can.mailbox17_type.receive"/>
      <property id="module.driver.can.mailbox18_type" value="module.driver.can.mailbox18_type.receive"/>
      <property id="module.driver.can.mailbox19_type" value="module.driver.can.mailbox19_type.receive"/>
      <property id="module.driver.can.mailbox20_type" value="module.driver.can.mailbox20_type.receive"/>
      <property id="module.driver.can.mailbox21_type" value="module.driver.can.mailbox21_type.receive"/>
      <property id="module.driver.can.mailbox22_type" value="module.driver.can.mailbox22_type.receive"/>
      <property id="module.driver.can.mailbox23_type" value="module.driver.can.mailbox23_type.receive"/>
      <property id="module.driver.can.mailbox24_type" value="module.driver.can.mailbox24_type.receive"/>
      <property id="module.driver.can.mailbox25_type" value="module.driver.can.mailbox25_type.receive"/>
      <property id="module.driver.can.mailbox26_type" value="module.driver.can.mailbox26_type.receive"/>
      <property id="module.driver.can.mailbox27_type" value="module.driver.can.mailbox27_type.receive"/>
      <property id="module.driver.can.mailbox28_type" value="module.driver.can.mailbox28_type.receive"/>
      <property id="module.driver.can.mailbox29_type" value="module.driver.can.mailbox29_type.receive"/>
      <property id="module.driver.can.mailbox30_type" value="module.driver.can.mailbox30_type.receive"/>
      <property id="module.driver.can.mailbox31_type" value="module.driver.can.mailbox31_type.receive"/>
      <property id="module.driver.can.mailbox0_frame_type" value="module.driver.can.mailbox0_frame_type.remote"/>
      <property id="module.driver.can.mailbox1_frame_type" value="module.driver.can.mailbox1_frame_type.data"/>
      <property id="module.driver.can.mailbox2_frame_type" value="module.driver.can.mailbox2_frame_type.data"/>
      <property id="module.driver.can.mailbox3_frame_type" value="module.driver.can.mailbox3_frame_type.data"/>
      <property id="module.driver.can.mailbox4_frame_type" value="module.driver.can.mailbox4_frame_type.data"/>
      <property id="module.driver.can.mailbox5_frame_type" value="module.driver.can.mailbox5_frame_type.data"/>
      <property id="module.driver.can.mailbox6_frame_type" value="module.driver.can.mailbox6_frame_type.data"/>
      <property id="module.driver.can.mailbox7_frame_type" value="module.driver.can.mailbox7_frame_type.data"/>
      <property id="module.driver.can.mailbox8_frame_type" value="module.driver.can.mailbox8_frame_type.data"/>
      <property id="module.driver.can.mailbox9_frame_type" value="module.driver.can.mailbox9_frame_type.data"/>
      <property id="module.driver.can.mailbox10_frame_type" value="module.driver.can.mailbox10_frame_type.data"/>
      <property id="module.driver.can.mailbox11_frame_type" value="module.driver.can.mailbox11_frame_type.data"/>
      <property id="module.driver.can.mailbox12_frame_type" value="module.driver.can.mailbox12_frame_type.data"/>
      <property id="module.driver.can.mailbox13_frame_type" value="module.driver.can.mailbox13_frame_type.data"/>
      <property id="module.driver.can.mailbox14_frame_type" value="module.driver.can.mailbox14_frame_type.data"/>
      <property id="module.driver.can.mailbox15_frame_type" value="module.driver.can.mailbox15_frame_type.data"/>
      <property id="module.driver.can.mailbox16_frame_type" value="module.driver.can.mailbox16_frame_type.data"/>
      <property id="module.driver.can.mailbox17_frame_type" value="module.driver.can.mailbox17_frame_type.data"/>
      <property id="module.driver.can.mailbox18_frame_type" value="module.driver.can.mailbox18_frame_type.data"/>
      <property id="module.driver.can.mailbox19_frame_type" value="module.driver.can.mailbox19_frame_type.data"/>
      <property id="module.driver.can.mailbox20_frame_type" value="module.driver.can.mailbox20_frame_type.data"/>
      <property id="module.driver.can.mailbox21_frame_type" value="module.driver.can.mailbox21_frame_type.data"/>
      <property id="module.driver.can.mailbox22_frame_type" value="module.driver.can.mailbox22_frame_type.data"/>
      <property id="module.driver.can.mailbox23_frame_type" value="module.driver.can.mailbox23_frame_type.data"/>
      <property id="module.driver.can.mailbox24_frame_type" value="module.driver.can.mailbox24_frame_type.data"/>
      <property id="module.driver.can.mailbox25_frame_type" value="module.driver.can.mailbox25_frame_type.data"/>
      <property id="module.driver.can.mailbox26_frame_type" value="module.driver.can.mailbox26_frame_type.data"/>
      <property id="module.driver.can.mailbox27_frame_type" value="module.driver.can.mailbox27_frame_type.data"/>
      <property id="module.driver.can.mailbox28_frame_type" value="module.driver.can.mailbox28_frame_type.data"/>
      <property id="module.driver.can.mailbox29_frame_type" value="module.driver.can.mailbox29_frame_type.data"/>
      <property id="module.driver.can.mailbox30_frame_type" value="module.driver.can.mailbox30_frame_type.data"/>
      <property id="module.driver.can.mailbox31_frame_type" value="module.driver.can.mailbox31_frame_type.data"/>
      <property id="module.driver.can.mailbox_0_to_3_group_mask" value="0x1FFFFFFF"/>
      <property id="module.driver.can.mailbox_4_to_7_group_mask" value="0x1FFFFFFF"/>
      <property id="module.driver.can.mailbox_8_to_11_group_mask" value="0x1FFFFFFF"/>
      <property id="module.driver.can.mailbox_12_to_15_group_mask" value="0x1FFFFFFF"/>
      <property id="module.driver.can.mailbox_16_to_19_group_mask" value="0x1FFFFFFF"/>
      <property id="module.driver.can.mailbox_20_to_23_group_mask" value="0x1FFFFFFF"/>
      <property id="module.driver.can.mailbox_24_to_27_group_mask" value="0x1FFFFFFF"/>
      <property id="module.driver.can.mailbox_28_to_31_group_mask" value="0x1FFFFFFF"/>
      <property id="module.driver.can.error_ipl" value="board.icu.common.irq.priority12"/>
      <property id="module.driver.can.mailbox_rx_ipl" value="board.icu.common.irq.priority12"/>
      <property id="module.driver.can.mailbox_tx_ipl" value="board.icu.common.irq.priority12"/>
    </module>
    <context id="_hal.0">
      <stack module="module.driver.elc_on_elc.0"/>
      <stack module="module.driver.ioport_on_ioport.0"/>
      <stack module="module.driver.fmi_on_fmi.0"/>
      <stack module="module.driver.cgc_on_cgc.0"/>
      <stack module="module.driver.can_on_can.1901985967"/>
    </context>
    <config id="config.driver.cgc">
      <property id="config.driver.cgc.param_checking_enable" value="config.driver.cgc.param_checking_enable.bsp"/>
      <property id="config.driver.cgc.main_osc_wait" value="config.driver.cgc.main_osc_wait.wait_547"/>
      <property id="config.driver.cgc.main_osc_clock_source" value="config.driver.cgc.main_osc_clock_source.crystal"/>
      <property id="config.driver.cgc.subclock_drive" value="config.driver.cgc.subclock_drive.standard"/>
      <property id="config.driver.cgc.subclock_at_reset_enable" value="config.driver.cgc.subclock_at_reset_enable.enabled"/>
      <property id="config.driver.cgc.low_voltage_mode" value="config.driver.cgc.low_voltage_mode.disabled"/>
    </config>
    <config id="config.driver.ioport">
      <property id="config.driver.ioport.checking" value="config.driver.ioport.checking.system"/>
    </config>
    <config id="config.driver.can">
      <property id="config.driver.can.param_checking_enable" value="config.driver.can.param_checking_enable.bsp"/>
    </config>
    <config id="config.driver.fmi">
      <property id="config.driver.fmi.param_checking_enable" value="config.driver.fmi.param_checking_enable.bsp"/>
      <property id="config.driver.fmi.custom_base_address_symbol" value="g_fmi_data"/>
      <property id="config.driver.fmi.part_number_mask" value="0xFE00"/>
    </config>
    <config id="config.driver.elc">
      <property id="config.driver.elc.checking" value="config.driver.elc.checking.system"/>
    </config>
  </synergyModuleConfiguration>
  <synergyPinConfiguration>
    <pincfg active="true" name="S7G2-SK.pincfg" symbol="g_bsp_pin_cfg"/>
  </synergyPinConfiguration>
</synergyConfiguration>
